{
    "Name": [
        "Alex",
        "Bert",
        "Carl",
        "Dave",
        "Elly",
        "Fran",
        "Gwen",
        "Hank",
        "Ivan",
        "Jake",
        "Kate",
        "Luke",
        "Myra",
        "Neil",
        "Omar",
        "Page",
        "Quin",
        "Ruth"
    ],
    "Sex": [
        "       \"M\"",
        "       \"M\"",
        "       \"M\"",
        "       \"M\"",
        "       \"F\"",
        "       \"F\"",
        "       \"F\"",
        "       \"M\"",
        "       \"M\"",
        "       \"M\"",
        "       \"F\"",
        "       \"M\"",
        "       \"F\"",
        "       \"M\"",
        "       \"M\"",
        "       \"F\"",
        "       \"M\"",
        "       \"F\""
    ],
    "Age": [
        41,
        42,
        32,
        39,
        30,
        33,
        26,
        30,
        53,
        32,
        47,
        34,
        23,
        36,
        38,
        31,
        29,
        28
    ],
    "Height (in)": [
        74,
        68,
        70,
        72,
        66,
        66,
        64,
        71,
        72,
        69,
        69,
        72,
        62,
        75,
        70,
        67,
        71,
        65
    ],
    "Weight (lbs)": [
        170,
        166,
        155,
        167,
        124,
        115,
        121,
        158,
        175,
        143,
        139,
        163,
        98,
        160,
        145,
        135,
        176,
        131
    ],
    "BMI": [
        21.826851542673136,
        25.24037920048159,
        22.240330194946104,
        22.649420298840596,
        20.01425490454287,
        18.56160737114863,
        20.769738805102612,
        22.036671726586864,
        23.734422468844937,
        21.117546960991845,
        20.526846346698367,
        22.10691921383843,
        17.924551978136215,
        19.998759997519993,
        20.805470182368936,
        21.144127830692728,
        24.54717863214739,
        21.79968383605406
    ]
}